Page,Edits,Editors,Views
"Pathaan (film)",565,110,6767938
"The Last of Us (TV series)",302,70,6387263
"ChatGPT",296,86,5947457
"Rihanna",37,26,5330257
"Cleopatra",3,3,4668984
"Ant-Man and the Wasp: Quantumania",640,208,4253108
"Deaths in 2023",1989,184,3757695
"Valentine's Day",53,27,3477285
"Pedro Pascal",56,37,3366655
"Raquel Welch",386,149,3129771
"Patrick Mahomes",162,60,2985373
"YouTube",34,24,2804507
"2023 Turkey–Syria earthquake",4504,851,2652883
"Pamela Anderson",67,31,2503053
"List of highest-grossing Indian films",233,31,2416942
"Kiara Advani",62,23,2383820
"Bella Ramsey",43,25,2358913
"The Last of Us",19,10,2338016
"XXX (film series)",0,0,2096470
"Jimmy Carter",285,76,2020168
"Avatar: The Way of Water",171,53,2001230
"Cocaine Bear",356,134,1963352
"Super Bowl LVII",545,156,1910746
"Black Panther: Wakanda Forever",88,33,1901150
"Hogwarts Legacy",499,99,1892233
"XXX: Return of Xander Cage",0,0,1884036
"Travis Kelce",113,61,1875013
"Christian Atsu",339,176,1834180
"Nikki Haley",258,101,1834107
"List of American films of 2023",253,61,1809867
"Sidharth Malhotra",78,24,1794557
"ASAP Rocky",10,8,1792439
"Tommy Fury",104,57,1765963
"Cristiano Ronaldo",55,29,1749391
"Instagram",20,14,1729683
"Murdaugh family",112,66,1699247
"LeBron James",119,43,1682660
"XXXTentacion",19,8,1657516
"Knock at the Cabin",330,129,1645077
"Burt Bacharach",267,113,1630241
"Harry Styles",37,19,1623048
"2022 Russian invasion of Ukraine",0,0,1620905
"Kim Petras",40,28,1603654
"Premier League",87,54,1603354
"Bruce Willis",53,27,1509426
"List of highest-grossing films",98,13,1504358
"Jason Kelce",97,48,1480227
"Mac McClung",74,44,1458931
"Elimination Chamber (2023)",497,138,1456966
"Pakistan Super League",79,45,1446339
"Tom Brady",170,58,1432020
"Annie Wersching",40,23,1418364
"Jalen Hurts",98,52,1415053
"United States",157,34,1392906
"Wikipedia",47,27,1351349
"Richard Belzer",221,90,1336092
"Tommy Lee",9,7,1315439
"Andrew Tate",48,23,1303735
"Super Bowl",62,42,1293100
"Ashton Kutcher",6,5,1289670
"Ansel Adams",2,1,1287375
"List of Super Bowl champions",55,16,1254072
"XXX (2002 film)",0,0,1233292
"Turkey",216,26,1228549
"Facebook",13,9,1209705
"Lionel Messi",89,34,1205290
"Sam Smith",29,19,1201864
"India",135,23,1171667
"List of Super Bowl halftime shows",72,43,1156537
"OpenAI",138,67,1119836
"2023 Ohio train derailment",834,329,1119286
"Kareem Abdul-Jabbar",44,18,1118863
"You (season 4)",99,28,1117448
"Jake Paul",38,19,1111009
"Jessica Watson",42,20,1109822
"Michael Jordan",13,6,1109315
"XXXX",0,0,1070676
"You (TV series)",54,23,1070663
"Jenna Ortega",69,42,1066496
"Manchester United F.C.",39,22,1054833
"Elon Musk",47,16,1034511
"Andy Reid",118,56,1028753
"Elvis Presley",22,16,1011782
"The Whale (2022 film)",166,95,1010513
"P. K. Rosy",140,56,1005943
"XXX: State of the Union",4,2,1003227
"Beyoncé",56,39,984311
"The Banshees of Inisherin",126,67,977539
"Everything Everywhere All at Once",181,76,976716
"Shehzada (2023 film)",171,67,964621
"The White Lotus",48,32,961419
"Brink's-Mat robbery",56,30,960936
"Google",16,11,959333
"Bigg Boss (Hindi season 16)",288,64,956047
"Leonardo DiCaprio",22,8,950960
"Internet",3,3,933130
"65th Annual Grammy Awards",395,108,928848
"1923 (TV series)",182,49,920440
"The Menu (2022 film)",79,47,917626
"Varisu",154,43,909739
"Chadwick Boseman",52,33,909230
"Madonna",16,10,908490
"Cocaine Bear (bear)",97,57,905939
"Natasha Lyonne",19,13,898788
"Microsoft 365",4,4,893598
"Harrison Ford",11,8,885800
"Omegle",2,2,880082
"Email",1,1,877670
"Dwayne Johnson",16,8,873409
"Brendan Fraser",50,34,871681
"Disappearance of Madeleine McCann",11,9,871343
"Jake Paul vs Tommy Fury",181,77,870849
"List of Marvel Cinematic Universe films",29,10,869603
"Atomic Heart (video game)",0,0,857460
"Tom Cruise",3,3,850847
"Babylon (2022 film)",129,57,848176
"Joe Biden",68,28,839411
"Ant-Man (film)",53,17,835639
"Puss in Boots: The Last Wish",212,54,835580
"Taylor Swift",92,20,829125
"Lux Pascal",25,18,829094
"Jennifer Lopez",12,9,824609
"Jonathan Majors",90,47,818503
"Mama Cax",97,72,816248
"Windows Server 2016",1,1,815277
"Windows Server 2019",0,0,812866
"WhatsApp",9,5,808744
"2023 China balloon incident",2,2,808421
"Sex",6,1,807562
"Internet Explorer 11",8,6,805247
"Microsoft Exchange Server",2,2,805125
"Email client",0,0,804998
"UFC 284",77,29,803901
"Client access license",0,0,801098
"List of Microsoft 365 Applications",0,0,797268
"Microsoft Office Mix",0,0,797258
"Fast X",259,56,793513
"Sylvester Stallone",23,11,791792
"Kyrie Irving",74,41,791357
"Happy Valley (TV series)",43,31,790048
"Salma Hayek",12,9,783385
"Google Translate",2,2,780644
"Elizabeth II",40,15,779269
"Miley Cyrus",7,7,775164
"Penn Badgley",18,16,770995
"World War I",31,23,769506
"Tyson Fury",11,9,764657
"Yellowstone (American TV series)",21,15,761333
"Kang the Conqueror",79,46,758785
"Michael Jackson",26,17,757700
"Tár",263,83,756159
"World War II",24,15,752490
"AKA (rapper)",181,93,752355
"United Kingdom",70,21,751658
"Reese Witherspoon",5,5,747761
"Tom Sizemore",61,49,742842
"Mila Kunis",9,6,742215
"Farzi",279,54,739965
"Marvel Cinematic Universe: Phase Five",154,40,738219
"Lauren London",12,8,736822
"UEFA Champions League",6,5,736059
"Shah Rukh Khan",37,15,735009
"List of highest-grossing Hindi films",219,85,732214
"Kansas City Chiefs",107,53,731206
"Al Nassr FC",132,63,729436
"Wednesday (TV series)",27,14,725833
"Murray Bartlett",7,7,722057
"Tahnee Welch",9,6,721767
"Chelsea F.C.",24,17,721665
"Lockheed Martin F-22 Raptor",107,59,719839
"Diane Morgan",12,8,717039
"Pink (singer)",27,21,713842
"95th Academy Awards",54,34,711956
"Ryan Reynolds",26,14,708710
"All Quiet on the Western Front (2022 film)",71,41,708681
"Aditya Chopra",54,21,708188
"Maryland",41,28,704448
"YouTube Music",8,6,702646
"Eurovision Song Contest 2023",564,180,701366
"Adolf Hitler",11,10,697767
"ICC Women's T20 World Cup",85,38,696047
"Alexander Volkanovski",95,64,693686
"The Flash (film)",56,26,692356
"Kenneth Noye",39,21,691448
"Paul Rudd",36,25,690726
"Whitney Houston",41,19,688212
"Manchester City F.C.",23,13,685340
"M3GAN",158,49,683099
"Poker Face (TV series)",82,32,681683
"Taraka Ratna",100,49,680965
"Alison Brie",28,20,680481
"Real Madrid CF",30,14,679214
"YouTube Premium",8,8,675221
"Nick Sirianni",68,36,673122
"Lisa Marie Presley",51,31,671983
"Alia Bhatt",6,5,669076
"Steven Spielberg",19,15,668305
"YouTube Kids",19,11,667464
"Melanie Lynskey",20,14,666230
"Nick Offerman",12,10,665379
"Kevin Durant",?,?,664162
"Ray Liotta",?,?,659420
"Ben Affleck",?,?,654410
"Video hosting service",?,?,653011
"Michael B. Jordan",?,?,648889
"XXX",?,?,643448
"Channing Tatum",?,?,642784
"Russia",?,?,642480
"XXXX (beer)",?,?,641940
"List of earthquakes in Turkey",?,?,641181
"Marvel Cinematic Universe",?,?,640002
"Barack Obama",?,?,638798
"Shania Twain",?,?,638772
"2023 Nigerian presidential election",?,?,637370
"Saint Valentine",?,?,634492
"Michelle Yeoh",?,?,633626
"Lists of earthquakes",?,?,631119
"Gmail",?,?,629997
"Microsoft Windows",?,?,629688
"Thunivu",?,?,627032
"Selena Gomez",?,?,625373
"Austin Butler",?,?,624643
"Marilyn Monroe",?,?,623646
"Japan",?,?,622338
"Demi Moore",?,?,620195
"Pat Mahomes",?,?,617862
"Keanu Reeves",?,?,614741
"Null",?,?,614194
"Indian Super League",?,?,612411
"Marcus Rashford",?,?,611535
"Paris Saint-Germain F.C.",?,?,610797
"Jeffrey Dahmer",?,?,609417
"Jonah Hill",?,?,609324
"Eminem",?,?,609206
"Charles III",?,?,607056
"Russo-Ukrainian War",?,?,605235
"Selfiee",?,?,603890
"Blake Lively",?,?,601343
"Andy (goose)",?,?,601337
"Groundhog Day",?,?,599095
"Russell Westbrook",?,?,598698
"XFL (2020)",?,?,597989
"Outer Banks (TV series)",?,?,596110
"Dick Van Dyke",?,?,595955
"Kobe Bryant",?,?,595403
"Brittany Furlan",?,?,595191
"Aubrey Plaza",?,?,594616
"Ron DeSantis",?,?,594293
"East Palestine, Ohio",?,?,593566
"Chris Brown",?,?,593317
"Kellie Pickler",?,?,592029
"Islam Makhachev",?,?,588634
"Titanic (1997 film)",?,?,588393
"Donald Trump",?,?,588300
"RRR (film)",?,?,587155
"New York City",?,?,585742
"Ukraine",?,?,585535
"All Quiet on the Western Front",?,?,580787
"White Noise (2022 film)",?,?,580553
"WrestleMania 39",?,?,580266
"Android (operating system)",?,?,579506
"Winnie-the-Pooh: Blood and Honey",?,?,575558
"Netflix",?,?,575251
"Arsenal F.C.",?,?,574310
"China",?,?,573493
"Priscilla Presley",?,?,572655
"The Pirate Bay",?,?,571125
"You People",?,?,570574
"Top Gun: Maverick",?,?,570212
"List of EGOT winners",?,?,570193
"List of Hindi films of 2023",?,?,570071
"Maha Shivaratri",?,?,569624
"Megan Fox",?,?,569408
"Val Kilmer",?,?,567149
"FC Barcelona",?,?,566493
"The Last of Us Part II",?,?,565655
"Brad Pitt",?,?,565215
"Lily Allen",?,?,565057
"Malcolm X",?,?,563167
"Meta Platforms",?,?,562682
"Sarah Paulson",?,?,561007
"EFL Cup",?,?,558538
"Regional Snowfall Index",?,?,556598
"Titanic",?,?,555762
"Yoshihiro Akiyama",?,?,555544
"Muhammad Ali",?,?,553575
"Cat",?,?,553080
"Jennifer Coolidge",?,?,552874
"Gautam Adani",?,?,552260
"Karl Malone",?,?,550870
"J. K. Rowling",?,?,548161
"BBC World Service",?,?,545930
"Trial of Alex Murdaugh",?,?,545137
"FIFA Club World Cup",?,?,544400
"Canada",?,?,543515
"OnlyFans",?,?,543477
"Susan Wojcicki",?,?,542992
"Vladimir Putin",?,?,541419
"Kathryn Newton",?,?,541305
"Marjorie Taylor Greene",?,?,539393
"Pakistan",?,?,539007
"Australia",?,?,538910
"Neymar",?,?,538019
"John Travolta",?,?,535572
"Lewis Capaldi",?,?,534440
"Super Bowl LIV",?,?,529299
"Scarlett Johansson",?,?,529084
"2022 FIFA Club World Cup",?,?,528416
"Wagner Group",?,?,528301
"Plane (film)",?,?,527932
"Ash Wednesday",?,?,527793
"Periodic table",?,?,526190
"Pat Tillman",?,?,525373
"David Harbour",?,?,525226
"Your Place or Mine (film)",?,?,523004
"Hassan Jameel",?,?,521964
"Simon Cowell",?,?,521528
"Madelyn Cline",?,?,519819
"Michael Douglas",?,?,519330
"Chernobyl disaster",?,?,519263
"Avatar (2009 film)",?,?,519106
"Anya Taylor-Joy",?,?,518594
"James Norton (actor)",?,?,516260
"Lockheed Martin F-35 Lightning II",?,?,511484
"Neal Mohan",?,?,511434
"2022 FIFA World Cup",?,?,510542
"Roald Dahl",?,?,510075
"RuPaul's Drag Race (season 15)",?,?,509493
"Wiki",?,?,509112
"Vinyl chloride",?,?,507665
"Ice Spice",?,?,507661
"Vani Jairam",?,?,507515
"Creed III",?,?,506566
"Ezra Miller",?,?,506080
"Harry Potter (film series)",?,?,505926
"Martin Luther King Jr.",?,?,503551
"Vivek Ramaswamy",?,?,502976
"Mark Wahlberg",?,?,502082
"George Santos",?,?,501592
"Jeremy Clarkson",?,?,501516
"Jennifer Lawrence",?,?,497602
"M. Night Shyamalan",?,?,497191
"2023 in film",?,?,493813
"Liam Hemsworth",?,?,492691
"2023 Pakistan Super League",?,?,492546
"Shotgun Wedding (2022 film)",?,?,492235
"Mahatma Gandhi",?,?,492000
"Jennifer Aniston",?,?,490703
"Bad Bunny",?,?,489682
"Singapore",?,?,487963
"Liverpool F.C.",?,?,486319
"Jamie Lee Curtis",?,?,486273
"Shakira",?,?,485880
"Lidia Poët",?,?,484824
"Alexandra Daddario",?,?,484551
"Kanye West",?,?,483841
"Arnold Schwarzenegger",?,?,483536
"List of highest-grossing films in India",?,?,482900
"Margot Robbie",?,?,482766
"Generation Z",?,?,480935
"Super Bowl LVI",?,?,480384
"Mardi Gras",?,?,479896
"Liam Neeson",?,?,479683
"Chris Stapleton",?,?,479063
"Sally Field",?,?,478045
"Cate Blanchett",?,?,477912
"Germany",?,?,477550
"Triangle of Sadness",?,?,477359
"Ginny & Georgia",?,?,477204
"Kylian Mbappé",?,?,477100
"Zendaya",?,?,476744
"Jay-Z",?,?,476073
"Bill Russell",?,?,476053
"Viola Davis",?,?,475983
"Shaquille O'Neal",?,?,475316
"IOS",?,?,475287
"Dave Franco",?,?,475281
"MODOK",?,?,472914
"Philadelphia Eagles",?,?,472831
"Abraham Lincoln",?,?,471995
"Malaysia Airlines Flight 370",?,?,471160
"Ozzy Osbourne",?,?,470190
"Elizabeth Banks",?,?,469499
"Tiger Woods",?,?,468949
"Soviet Union",?,?,466300
"The Fabelmans",?,?,466202
"Angie Dickinson",?,?,466090
"Infinity Pool (film)",?,?,465701
"Jane Fonda",?,?,465396
"Isiah Pacheco",?,?,463803
"Rosalynn Carter",?,?,462565
"JavaScript",?,?,461853
"Steve Jobs",?,?,461238
"UFC Fight Night: Lewis vs. Spivak",?,?,460938
"Linda Ronstadt",?,?,460417
"Sarah Lancashire",?,?,460294
"Enzo Fernández",?,?,459279
"Bonnie Raitt",?,?,457586
"MacOS",?,?,457134
"Breaking Bad",?,?,456872
"Third man factor",?,?,456228
"Albert Einstein",?,?,455680
"Lockwood & Co. (TV series)",?,?,455584
"English language",?,?,455376
"Flipkart",?,?,455224
"Helen Mirren",?,?,455123
"Bradley Cooper",?,?,454210
"Catherine Zeta-Jones",?,?,453003
"Evangeline Lilly",?,?,452373
"Twitter",?,?,452000
"Fast & Furious",?,?,451687
"Pablo Escobar",?,?,450314
"Riley Keough",?,?,449789
"Julia Louis-Dreyfus",?,?,449496
"Cindy Williams",?,?,449149
"Kevin Costner",?,?,447371
"Pervez Musharraf",?,?,447272
"Ronald Reagan",?,?,447058
"Woody Harrelson",?,?,446584
"Dave Bautista",?,?,445697
"Clark Hunt",?,?,444155
"Harry Potter",?,?,443217
"Jon Jones",?,?,442478
"Queen Victoria",?,?,442148
"2004 Indian Ocean earthquake and tsunami",?,?,441820
"Lady Gaga",?,?,441761
"Seymour Hersh",?,?,441730
"Gisele Bündchen",?,?,441143
"Olivia Newton-John",?,?,441073
"Tom Hanks",?,?,440579
"Casualties of the Russo-Ukrainian War",?,?,440147
"Charlotte Ritchie",?,?,439757
"Earthquake",?,?,439468
"X (2022 film)",?,?,439134
"Stephen Curry",?,?,438568
"Philippines",?,?,437765
"Mike Tyson",?,?,437710
"Tupac Shakur",?,?,437214
"FBI Index",?,?,436788
"Hailey Bieber",?,?,436116
"Noele Gordon",?,?,434896
"Kate Winslet",?,?,434776
"Angela Bassett",?,?,434753
"2023 ICC Women's T20 World Cup",?,?,434473
"The Night Manager (Indian TV series)",?,?,433795
".xxx",?,?,433113
"Google Maps",?,?,431762
"Emma Watson",?,?,431758
"Brandi Carlile",?,?,431591
"London",?,?,431194
"Katy Perry",?,?,430980
"Black Panther (film)",?,?,430806
"Raindrop cake",?,?,430539
"Domino Kirke",?,?,430097
"Adele",?,?,428161
"List of James Bond films",?,?,427974
"Vijay (actor)",?,?,427779
"List of states and territories of the United States",?,?,427572
"K. Viswanath",?,?,427071
"Edgar Allan Poe",?,?,426746
"XNXX",?,?,426309
"The Walking Dead (TV series)",?,?,426060
"2023",?,?,425717
"Artificial intelligence",?,?,425620
"Anna Torv",?,?,425563
"Brownie (folklore)",?,?,425561
"Erling Haaland",?,?,425174
"John F. Kennedy",?,?,424417
"Vaathi",?,?,423966
"Robin Williams",?,?,421520
"Chester Bennington",?,?,421369
"New Zealand",?,?,421234
"Saeed Jaffrey",?,?,421010
"List of National Basketball Association career scoring leaders",?,?,420117
"Mia Goth",?,?,419690
"Angelina Jolie",?,?,419372
"Clint Eastwood",?,?,419296
"South Park",?,?,418753
"UEFA Europa League",?,?,418016
"Chris Hemsworth",?,?,417814
"Prince (musician)",?,?,417106
"The Legend of Vox Machina",?,?,416888
"Paris Hilton",?,?,416693
"List of NBA champions",?,?,415571
"George Washington",?,?,415523
"1962 Mexico City radiation accident",?,?,414836
"Ottoman Empire",?,?,414105
"Freddie Mercury",?,?,413811
"Deepika Padukone",?,?,413672
"Letitia Wright",?,?,412482
"Skinamarink",?,?,412394
"Nicolas Cage",?,?,411646
"List of countries by GDP (nominal)",?,?,410751
"MrBeast",?,?,410521
"Hayden Panettiere",?,?,408882
"Giannis Antetokounmpo",?,?,408740
"Salman Khan",?,?,408584
"Illuminati",?,?,408514
"Logan Paul",?,?,408093
"Harvey Weinstein",?,?,407929
"Julia Roberts",?,?,407118
"California",?,?,406527
"Armie Hammer",?,?,405916
"Newcastle United F.C.",?,?,405833
"Adani Group",?,?,405493
"Volodymyr Zelenskyy",?,?,404516
"Christina Applegate",?,?,404080
"Nipsey Hussle",?,?,403612
"AIM-9 Sidewinder",?,?,400536
"Lockheed U-2",?,?,400486
"Bangladesh Premier League",?,?,400178
"Marvel Cinematic Universe: Phase Four",?,?,399302
"1883 (TV series)",?,?,398439
"Ryan Gosling",?,?,398421
"Glass Onion: A Knives Out Mystery",?,?,398310
"David Bowie",?,?,397215
"Jawan (film)",?,?,397162
"Olivia Wilde",?,?,396891
"Orlando Bloom",?,?,396711
"Jason Momoa",?,?,396687
"La Liga",?,?,395888
"Eddie Murphy",?,?,395856
"Kevin Bacon",?,?,395225
"Jordan Peterson",?,?,394975
"Smokey Robinson",?,?,394811
"Barry Keoghan",?,?,394801
"Namor",?,?,394185
"Colin Farrell",?,?,392965
"France",?,?,392812
"Priyanka Chopra",?,?,392578
"Alec Baldwin",?,?,392456
"Super Bowl LV",?,?,392453
"William Shakespeare",?,?,392109
"Jennifer Connelly",?,?,391634
"Justin Bieber",?,?,391357
"Dakota Johnson",?,?,391134
"England",?,?,389970
"Israel",?,?,389706
"Post Malone",?,?,387286
"Yash Chopra",?,?,384770
"Physical: 100",?,?,384057
"Rishi Sunak",?,?,383226
"Indonesia",?,?,383052
"Marcel Sabitzer",?,?,382646
"Moldova",?,?,381922
"Franklin D. Roosevelt",?,?,381659
"Magic Mike's Last Dance",?,?,381548
"Sosie Bacon",?,?,381114
"Virat Kohli",?,?,381006
"Napoleon",?,?,380933
"2023 NBA All-Star Game",?,?,380915
"Los Angeles",?,?,380488
"Bangladesh",?,?,380429
"FC Bayern Munich",?,?,380096
"C (programming language)",?,?,379885
"Cordyceps",?,?,379750
"Matthew McConaughey",?,?,379369
"2024 United States presidential election",?,?,379150
"The Weeknd",?,?,378952
"Robert Downey Jr.",?,?,378415
"Disappearance of Nicola Bulley",?,?,378102
"BTS",?,?,378041
"The Mandalorian",?,?,376949
"Miles Teller",?,?,376726
"Jim Carrey",?,?,375777
"Taiwan",?,?,375452
"Wilt Chamberlain",?,?,375280
"Michael Keaton",?,?,375201
"Wrexham A.F.C.",?,?,374995
"South Africa",?,?,374347
"Shrinking (TV series)",?,?,373783
"Ke Huy Quan",?,?,373417
"Marc Anthony",?,?,373354
"Vietnam War",?,?,373233
"Helena Bonham Carter",?,?,372618
"Tom Holland",?,?,371307
"Rita Moreno",?,?,369752
"C++",?,?,369284
"The Woman King",?,?,368715
"George Soros",?,?,367839
"Super Bowl LII",?,?,367527
"Jack Nicholson",?,?,367505
"123Movies",?,?,366820
"Lupita Nyong'o",?,?,366742
"Charles Bronson (prisoner)",?,?,366376
"Diana, Princess of Wales",?,?,366299
"Sandra Bullock",?,?,365384
"Paul McCartney",?,?,364795
"Johnny Depp",?,?,364532
"Cyprus",?,?,364266
"Paul Walker",?,?,363845
"Zlatan Ibrahimović",?,?,363754
"Demetress Bell",?,?,363524
"Lizzo",?,?,363443
"Ariana Grande",?,?,363225
"Drake (musician)",?,?,363179
"Avalanche Software",?,?,362864
"John Lennon",?,?,361899
"Veera Simha Reddy",?,?,361689
"Florence Pugh",?,?,361350
"Mumtaz (actress)",?,?,361191
"Bryan Cranston",?,?,360631
"George VI",?,?,360617
"The Gold (TV series)",?,?,360300
"Aftersun",?,?,359310
"Emma Heming Willis",?,?,358978
"Machine Gun Kelly (musician)",?,?,358823
"TikTok",?,?,358097
"Millennials",?,?,357918
"Harry Kane",?,?,357890
"Stella Stevens",?,?,357417
"Tottenham Hotspur F.C.",?,?,357144
"Roman Reigns",?,?,357084
"John Cena",?,?,356830
"R. Kelly",?,?,356681
"Ashley Johnson (actress)",?,?,356394
"Bernard Arnault",?,?,356235
"September 11 attacks",?,?,356112
"Academy Awards",?,?,355989
"Henry Cavill",?,?,355975
"Ant-Man and the Wasp",?,?,355735
"Rob Gronkowski",?,?,355626
"Netherlands",?,?,355426
"Molly-Mae Hague",?,?,355394
"The Beatles",?,?,353924
"Marie Antoinette",?,?,353662
"Shrove Tuesday",?,?,352780
"Josh Duhamel",?,?,352031
"American Civil War",?,?,351926
"2022–23 UEFA Champions League",?,?,351660
"Cara Delevingne",?,?,351440
"Linkin Park",?,?,351396
"Syria",?,?,350851
"Hindenburg Research",?,?,350812
"Star Trek: Picard (season 3)",?,?,350279
"Henry VIII",?,?,350005
"James Cameron",?,?,349885
"Tina Turner",?,?,349855
"D'Angelo Russell",?,?,349445
"Pornhub",?,?,349399
"High-frequency Active Auroral Research Program",?,?,349006
"Chris Pratt",?,?,348857
"Emily Blunt",?,?,348823
"List of South Park episodes",?,?,348699
"Peaky Blinders (TV series)",?,?,348689
"Shiva",?,?,348199
"Snoop Dogg",?,?,347883
"Alexander the Great",?,?,347829
"Wikimedia Foundation",?,?,347531
"Ana de Armas",?,?,346639
"Joseph Stalin",?,?,346421
"Interstellar (film)",?,?,346343
"Sam Altman",?,?,345933
"United Arab Emirates",?,?,345859
"Akshay Kumar",?,?,345508
"Jansen Panettiere",?,?,345363
"Erik ten Hag",?,?,345276
"Jon Peters",?,?,344890
"Mount Takahe",?,?,344503
"Stevie Wonder",?,?,344223
"Drew Barrymore",?,?,344090
"Magic Mike",?,?,343462
"Johnny Cash",?,?,343402
"Theodore Roosevelt",?,?,343150
"George Clooney",?,?,342174
"Heath Ledger",?,?,341963
"Bridget Moynahan",?,?,341749
"Velma (TV series)",?,?,341480
"Kim Kardashian",?,?,341193
"Stephen Hawking",?,?,340848
"Dany Garcia",?,?,340591
"Calista Flockhart",?,?,340530
"Millie Bobby Brown",?,?,340493
"Jesus",?,?,340307
"Mariska Hargitay",?,?,340077
"Timothée Chalamet",?,?,339846
"Neatsville, Kentucky",?,?,339412
"Narendra Modi",?,?,339201
"John Wick: Chapter 4",?,?,339164
"Saudi Arabia",?,?,339120
"List of presidents of the United States",?,?,339062
"Lil Wayne",?,?,338998
"Grey's Anatomy",?,?,338619
"Chase Stokes",?,?,338503
"Aaron Taylor-Johnson",?,?,337987
"Billy Crudup",?,?,337618
"2023 Cricket World Cup",?,?,337226
"GPT-3",?,?,337129
"List of ethnic slurs",?,?,336927
"Bullet Train (film)",?,?,336844
"80 for Brady",?,?,336813
"Ja Morant",?,?,336705
"Nicola Sturgeon",?,?,336643
"Earth",?,?,336631
"Rick Salomon",?,?,336618
"Dua Lipa",?,?,336226
"Lana Del Rey",?,?,335850
"The Strays (film)",?,?,335669
"Bill Gates",?,?,335314
"Rosa Parks",?,?,335180
"2019 Pulwama attack",?,?,335123
"Seven deadly sins",?,?,334644
"Star Trek: Picard",?,?,334489
"Rupert Murdoch",?,?,334429
"Royal Rumble (2023)",?,?,334380
"Kelly Reilly",?,?,334271
"UFC 285",?,?,334219
"Succession (TV series)",?,?,334038
"Will Smith",?,?,333771
"Apple Inc.",?,?,333764
"Ray Kroc",?,?,333489
"Mel Gibson",?,?,333424
"Emmett Till",?,?,333103
"Christian Bale",?,?,332370
"Zoë Kravitz",?,?,332270
"Super Bowl LVIII",?,?,332068
"Ted Lasso",?,?,331849
"Linux",?,?,331794
"Kylie Jenner",?,?,331737
"Guardians of the Galaxy Vol. 3",?,?,331726
"List of countries and dependencies by population",?,?,331561
"Michael (2023 film)",?,?,331445
"Taika Waititi",?,?,331140
"Italy",?,?,330993
"Nigeria",?,?,330913
"Meghan, Duchess of Sussex",?,?,329955
"Game of Thrones",?,?,329379
"Better Call Saul",?,?,329128
"Women Talking (film)",?,?,329034
"Carnival Row",?,?,328891
"Taj Mahal",?,?,328728
"Conor McGregor",?,?,328152
"Casemiro",?,?,327353
"A",?,?,327343
"Lent",?,?,326228
"Michelle Pfeiffer",?,?,326222
"Ralph Fiennes",?,?,326099
"SZA",?,?,326058
"Air (2023 film)",?,?,326023
"Julian Sands",?,?,325992
"Kepler's Supernova",?,?,325925
"Waltair Veerayya",?,?,325719
"Stanley Tucci",?,?,325021
"Glaucus atlanticus",?,?,324958
"Vande Bharat Express",?,?,324641
"Denzel Washington",?,?,324363
"Kamala Harris",?,?,323509
"Megan Mullally",?,?,323420
"Chris Evans (actor)",?,?,323298
"Rashmika Mandanna",?,?,323135
"2023 Turkey–Syria earthquakes",?,?,323073
"K.G.F: Chapter 2",?,?,322815
"Voice of Vietnam",?,?,322721
"Cam Thomas (basketball)",?,?,322562
"WWE Raw is XXX",?,?,322542
"Courteney Cox",?,?,322469
"Switzerland",?,?,322376
"List of UFC events",?,?,322209
"Adam Sandler",?,?,321515
"George V",?,?,321352
"Microsoft",?,?,321231
"Black Adam (film)",?,?,321222
"Iran",?,?,321211
"Shia LaBeouf",?,?,320971
"John Palmer (criminal)",?,?,320956
"Emma Roberts",?,?,320901
"1960 Valdivia earthquake",?,?,320778
"Depeche Mode",?,?,320460
"Loris Karius",?,?,320292
"Gerard Butler",?,?,320171
"Cher",?,?,320071
"Vin Diesel",?,?,320046
"Don't Worry Darling",?,?,320041
"Spain",?,?,319949
"Amazon (company)",?,?,318942
"Dolly Parton",?,?,318097
"List of songs written by Burt Bacharach",?,?,317957
"Shah Rukh Khan filmography",?,?,317738
"Gordon Ramsay",?,?,317723
"Fedor Emelianenko",?,?,317522
"The Batman (film)",?,?,317511
"Mason Greenwood",?,?,317350
"Victor Osimhen",?,?,317297
"Cassi Davis",?,?,317221
"Scott Adams",?,?,317010
"Al Pacino",?,?,316961
"The Jungle",?,?,316443
"Steven Seagal",?,?,316322
"Charlie Sheen",?,?,316130
"Anna Kendrick",?,?,316056
"Willie Nelson",?,?,316025
"Dr. Dre",?,?,315512
"Sheryl Lee Ralph",?,?,315452
"2011 Tōhoku earthquake and tsunami",?,?,315290
"General Dynamics F-16 Fighting Falcon",?,?,315179
"Robert De Niro",?,?,315178
"Paul Mescal",?,?,314980
"Gwen Shamblin Lara",?,?,314751
"Jackie Robinson",?,?,314649
"Shivaji",?,?,314387
"2022 in film",?,?,314147
"Australian Survivor: Heroes V Villains",?,?,314106
"George W. Bush",?,?,313919
"Poland",?,?,313610
"Winston Churchill",?,?,312893
"Malikappuram",?,?,312399
"Crash Course in Romance",?,?,311996
"Muhammad",?,?,311850
"Jason Statham",?,?,311776
"Shahid Kapoor",?,?,311719
"Colonel Tom Parker",?,?,311491
"2022–23 UEFA Europa League",?,?,311425
"Taylor Sheridan",?,?,311179
"The Boys (TV series)",?,?,311097
"Woke",?,?,310618
"Wu-Tang Clan",?,?,309884
"François-Henri Pinault",?,?,309862
"Nico Parker",?,?,309817
"Kim Jong-un",?,?,309661
"Afghanistan",?,?,309548
"Europe",?,?,309451
"Stranger Things",?,?,309407
"Brazil",?,?,308747
"Space Shuttle Columbia disaster",?,?,308712
"Windows 10 version history",?,?,308587
"The Super Mario Bros. Movie",?,?,308015
"List of most-followed Instagram accounts",?,?,308012
"George H. W. Bush",?,?,307655
"Grammy Awards",?,?,307619
"George Harrison",?,?,307549
"Anne Boleyn",?,?,307426
"Pierce Brosnan",?,?,307312
"The Eminence in Shadow",?,?,307292
"The Cabin at the End of the World",?,?,307089
"Tig Notaro",?,?,306485
"Richard Gere",?,?,306334
"Bernie Madoff",?,?,306209
"Melinda Dillon",?,?,305966
"Khabib Nurmagomedov",?,?,305927
"Ohio",?,?,305742
"Irma Grese",?,?,305695
"Louis Farrakhan",?,?,305338
"Animal",?,?,305331
"Milo Ventimiglia",?,?,305219
"Uday Chopra",?,?,305025
"G20",?,?,304829
"Vanessa Hudgens",?,?,304623
"Imogen Poots",?,?,304435
"Joe Manganiello",?,?,304429
"Anne Hathaway",?,?,304138
"Kyle Jacobs (songwriter)",?,?,304136
"Natasha Richardson",?,?,304023
"Mexico",?,?,303737
"Bob Marley",?,?,303438
"XVideos",?,?,303187
"Shubman Gill",?,?,303071
"House of the Dragon",?,?,303011
"Cole Hauser",?,?,302936
"Aaron Rodgers",?,?,302455
"Raashii Khanna",?,?,301879
"Ed Sheeran",?,?,301444
"Avengers: Endgame",?,?,301024
"Daniel Radcliffe",?,?,300999
"Chris Martin",?,?,300757
"Heather Locklear",?,?,300622
"Jeff Bezos",?,?,300481
"Roseanne Barr",?,?,300424
"Holland Taylor",?,?,300214
"David Jude Jolicoeur",?,?,299891
"John Krasinski",?,?,299743
"Red Rose (TV series)",?,?,299714
"Malaysia",?,?,298949
"Eric Bieniemy",?,?,298627
"List of natural disasters by death toll",?,?,298596
"Nikola Tesla",?,?,298540
"The Marvels",?,?,298406
"Lily Collins",?,?,297754
"Jennifer Garner",?,?,297503
"Elizabeth I",?,?,297165
"Sarah Michelle Gellar",?,?,297104
"Prince Harry, Duke of Sussex",?,?,296913
"Lisa Loring",?,?,296729
"Zoe Saldaña",?,?,296685
"The Night Manager (TV series)",?,?,296630
"Bill Clinton",?,?,296299
"Nicole Kidman",?,?,295995
"David Duchovny",?,?,295990
"FIFA World Cup",?,?,295870
"Rory McIlroy",?,?,295835
"Jesse Williams (actor)",?,?,295805
"New Amsterdam (2018 TV series)",?,?,295628
"The Godfather",?,?,295416
"Lily James",?,?,294800
"HTTP cookie",?,?,294470
"Elton John",?,?,294003
"Genghis Khan",?,?,293930
"Shrek (franchise)",?,?,293637
"Kate Hudson",?,?,293545
"Pirates of the Caribbean (film series)",?,?,293381
"Bruce Lee",?,?,293368
"National Basketball Association",?,?,293363
"Pink Floyd",?,?,293282
"Jason Segel",?,?,293219
"Holi",?,?,293028
"South Korea",?,?,292657
"John Motson",?,?,292603
"Generation X",?,?,292597
"Shamima Begum",?,?,292557
"Kurt Cobain",?,?,292546
"Brittany Murphy",?,?,292447
"Edward VIII",?,?,292383
"Nazi Germany",?,?,292085
"Vietnam",?,?,291754
"Kaley Cuoco",?,?,291699
"Joaquin Phoenix",?,?,291437
"Sean Payton",?,?,291103
"NATO",?,?,291051
"2022–23 Premier League",?,?,290860
"Korean War",?,?,290818
"Hong Kong",?,?,290784
"2023 Formula One World Championship",?,?,290726
"Duhan van der Merwe",?,?,290639
"Alexander Skarsgård",?,?,290611
"Danny Masterson",?,?,290556
"Audrey Hepburn",?,?,290411
"Border–Gavaskar Trophy",?,?,290347
"Lukas Gage",?,?,290326
"S.S.C. Napoli",?,?,290203
"Presidents' Day",?,?,290029
"Kelsea Ballerini",?,?,289904
"HTTP 404",?,?,289823
"Killing of Tyre Nichols",?,?,289636
"Amy Carter",?,?,289557
"Christoph Waltz",?,?,289447
"Ed Speleers",?,?,289409
"Georgia (country)",?,?,289371
"Global poker index",?,?,288878
"Single-player",?,?,288778
"Dhanush",?,?,288682
"Princess Margaret, Countess of Snowdon",?,?,288153
"Fred Armisen",?,?,287564
"Atomic bombings of Hiroshima and Nagasaki",?,?,287411
"List of Happy Valley episodes",?,?,287367
"Elizabeth Taylor",?,?,287312
"North America",?,?,287191
"LinkedIn",?,?,287056
"Cody Rhodes",?,?,287020
"Daniel Craig",?,?,286932
"Adam Driver",?,?,286927
"Michael J. Fox",?,?,286789
"Mayilsamy",?,?,286719
"Roman Empire",?,?,286507
"Emma Thompson",?,?,286281
"Fleetwood Mac",?,?,286214
"James Franco",?,?,286204
"Stefan Bajcetic",?,?,286188
"Yoko Ono",?,?,285838
"DC Extended Universe",?,?,285695
"Brendan Gleeson",?,?,285475
"Four Horsemen of the Apocalypse",?,?,285453
"Lonnie Frisbee",?,?,285292
"Sami Zayn",?,?,285123
"Killing of XXXTentacion",?,?,285033
"Storm Reid",?,?,285014
"List of unusual deaths",?,?,284973
"Patrick Stewart",?,?,284954
"List of European Cup and UEFA Champions League finals",?,?,284942
"Zac Efron",?,?,284942
"Thailand",?,?,284543
"2022 Formula One World Championship",?,?,284233
"The Big Bang Theory",?,?,283892
"Somebody I Used to Know",?,?,283742
"Super Bowl XXX",?,?,283587
"Record of Ragnarok",?,?,283555
"Knives Out",?,?,283442
"Cardi B",?,?,283355
"Sean Connery",?,?,283329
"Harriet Tubman",?,?,283301
"The Consultant (TV series)",?,?,282570
"Ted Bundy",?,?,282257
"Elliot Page",?,?,281918
"Billie Eilish",?,?,281908
"Peyton Manning",?,?,281682
"Minecraft",?,?,281645
"Rothschild family",?,?,281611
"European Union",?,?,281586
"Romania",?,?,281428
